<!DOCTYPE hibernate-configuration PUBLIC "-//Hibernate/Hibernate Configuration DTD 3.0//EN"
        "http://hibernate.sourceforge.net/hibernate-configuration-3.0.dtd">

<hibernate-configuration>

    <session-factory>
        <!-- Database connection settings -->
        <property name="hibernate.connection.driver_class">com.mysql.cj.jdbc.Driver</property>
        <property name="hibernate.connection.url">jdbc:mysql://localhost:3306/myCart</property>
        <property name="hibernate.connection.username">root</property>
        <property name="hibernate.connection.password">qwerty</property>

        <!-- Specify dialect -->
        <property name="hibernate.dialect">org.hibernate.dialect.MySQL8Dialect</property>

        <!-- Echo all executed statements to stdout -->
        <property name="hibernate.show_sql">true</property>

        <!-- Drop and re-create the database schema on startup -->
        <property name="hibernate.hbm2ddl.auto">update</property>

        <!-- Mention annotated entity class packages -->
        <mapping class="myCart.learn.helper.FactoryProviderHelper"/>
        <mapping class="myCart.user.Entity.User"/>
        <mapping class="myCart.user.Entity.Product"/>
        <mapping class="myCart.user.Entity.Category"/>
    </session-factory>

</hibernate-configuration>
